383498,Deadpool 2
402900,Ocean's Eight
466282,To All the Boys I've Loved Before
363088,Ant-Man and the Wasp
462919,Sierra Burgess Is a Loser
293660,Deadpool
474335,Uncle Drew
454983,The Kissing Booth
283995,Guardians of the Galaxy Vol. 2
523873,Kung Fu League
354912,Coco
446894,Smallfoot
487558,BlacKkKlansman
177572,Big Hero 6
150540,Inside Out
269149,Zootopia
455207,Crazy Rich Asians
98566,Teenage Mutant Ninja Turtles
271718,Trainwreck
414919,Hart Beat
194662,Birdman
458423,Mamma Mia! Here We Go Again
455980,Tag
440161,The Sisters Brothers
291805,Now You See Me 2
335797,Sing
310,Bruce Almighty
257344,Pixels
207703,Kingsman: The Secret Service
460668,I Feel Pretty
399174,Isle of Dogs
181533,Night at the Museum: Secret of the Tomb
452731,The Land of Steady Habits
808,Shrek
339846,Baywatch
608,Men in Black II
400155,Hotel Transylvania 3: Summer Vacation
449176,"Love, Simon"
166426,Pirates of the Caribbean: Dead Men Tell No Tales
62177,Brave
218746,Young Mother
134374,Pain & Gain
455656,#RealityHigh
585,"Monsters, Inc."
350,The Devil Wears Prada
93456,Despicable Me 2
339117,Kalpana
543398,Padayottam
69646,Vaseegara
507562,Crayon Shin-chan: Burst Serving! Kung Fu Boys ~Ramen Rebellion~
542437,"Contigo no, bicho"
254470,Pitch Perfect 2
20352,Despicable Me
353486,Jumanji: Welcome to the Jungle
445571,Game Night
14160,Up
196867,Annie
313369,La La Land
545668,Oru Kuttanadan Blog
159824,Hotel Transylvania 2
425,Ice Age
118,Charlie and the Chocolate Factory
387592,Early Man
370567,Sherlock Gnomes
437557,Blockers
260514,Cars 3
238713,Spy
171274,Inherent Vice
270946,Penguins of Madagascar
100042,Dumb and Dumber To
420814,Christopher Robin
4247,Scary Movie
106646,The Wolf of Wall Street
340022,Gringo
10193,Toy Story 3
347392,Slice
2062,Ratatouille
122906,About Time
257445,Goosebumps
9880,The Princess Diaries
390043,The Hitman's Bodyguard
391713,Lady Bird
18785,The Hangover
214756,Ted 2
453546,Marisa in the Woods
62764,Mirror Mirror
418827,Sister's Younger Husband
224141,Into the Woods
4327,Charlie's Angels
50544,Friends with Benefits
505906,Seema Raja
82690,Wreck-It Ralph
544283,A Gift
13053,Bolt
49519,The Croods
227159,Horrible Bosses 2
127380,Finding Dory
920,Cars
120467,The Grand Budapest Hotel
223702,Sausage Party
10184,He's Just Not That Into You
400579,Tully
51540,Horrible Bosses
11631,Mamma Mia!
384677,Set It Up
82702,How to Train Your Dragon 2
64688,21 Jump Street
43074,Ghostbusters
9982,Chicken Little
290250,The Nice Guys
2976,Hairspray
454619,Overboard
10192,Shrek Forever After
364689,Ferdinand
11130,The Princess Diaries 2: Royal Engagement
49524,R.I.P.D.
301337,Downsizing
480736,25 km/h
71552,American Reunion
136799,Trolls
324849,The Lego Batman Movie
950,Ice Age: The Meltdown
10735,What a Girl Wants
41154,Men in Black 3
489929,Destination Wedding
57800,Ice Age: Continental Drift
22794,Cloudy with a Chance of Meatballs
109431,Identity Thief
116149,Paddington
4256,Scary Movie 3
9339,Click
454992,The Spy Who Dumped Me
11688,The Emperor's New Groove
278154,Ice Age: Collision Course
475220,In Fabric
9928,Robots
2770,American Pie 2
13374,Ice Princess
225886,Sex Tape
318846,The Big Short
45243,The Hangover Part II
4638,Hot Fuzz
503619,The Package
8355,Ice Age: Dawn of the Dinosaurs
434355,Taxi 5
6957,The 40 Year Old Virgin
19908,Zombieland
7453,The Hitchhiker's Guide to the Galaxy
324852,Despicable Me 3
72105,Ted
346648,Paddington 2
107985,The World's End
353616,Pitch Perfect 3
747,Shaun of the Dead
8273,American Wedding
4599,Raising Helen
46195,Rio
1593,Night at the Museum
76492,Hotel Transylvania
193893,Let's Be Cops
399796,Life of the Party
7443,Chicken Run
8390,"Definitely, Maybe"
49013,Cars 2
23631,Machete
200727,"Love, Rosie"
818,Austin Powers in Goldmember
809,Shrek 2
518452,Like Father
50546,Just Go with It
194,Amélie
787,Mr. & Mrs. Smith
203801,The Man from U.N.C.L.E.
5559,Bee Movie
187017,22 Jump Street
18240,The Proposal
83666,Moonrise Kingdom
400928,Gifted
337170,American Made
10527,Madagascar: Escape 2 Africa
456929,Champions
25195,Leap Year
810,Shrek the Third
463053,Ibiza
109414,This Is the End
22970,The Cabin in the Woods
546052,Gila Lu Ndro!
487702,F*&% the Prom
109439,The Hangover Part III
256961,Paul Blart: Mall Cop 2
14306,Marley & Me
10555,Shark Tale
195589,Neighbors
332210,Storks
325189,Teen Beach 2
252838,The Wedding Ringer
303542,The Invisible Boy
4248,Scary Movie 2
9502,Kung Fu Panda
188222,Entourage
55721,Bridesmaids
35,The Simpsons Movie
463958,Gulebakavali
12133,Step Brothers
463272,Johnny English Strikes Again
174321,The English Teacher
55301,Alvin and the Chipmunks: Chipwrecked
8699,Anchorman: The Legend of Ron Burgundy
425980,Brad's Status
10947,High School Musical
382591,Two Is a Family
291870,Dirty Grandpa
59861,Larry Crowne
454283,Action Point
1574,Chicago
375107,Duck Duck Goose
137116,Smurfs: The Lost Village
429203,The Old Man & the Gun
1824,50 First Dates
262391,Serial (Bad) Weddings
38365,Grown Ups
114150,Pitch Perfect
268531,Captain Underpants: The First Epic Movie
239563,St. Vincent
295964,Burnt
417644,CHiPS
88751,Journey to the Center of the Earth
112160,Sexual Chronicles of a French Family
109451,Cloudy with a Chance of Meatballs 2
41630,No Strings Attached
41513,The Smurfs
211672,Minions
65057,The Descendants
502682,Book Club
4964,Knocked Up
137106,The Lego Movie
39514,RED
523565,Ditte Og Louise
38055,Megamind
507143,Candy Jar
19913,(500) Days of Summer
511785,Alex Strangelove
272693,The DUFF
8363,Superbad
371638,The Disaster Artist
12279,Spy Kids 3-D: Game Over
210860,Mortdecai
4257,Scary Movie 4
8920,Garfield
11430,The Lion King 1½
325133,Neighbors 2: Sorority Rising
331313,Keeping Up with the Joneses
8961,Bad Boys II
426030,Finding Your Feet
77338,The Intouchables
376659,Bad Moms
27022,The Sorcerer's Apprentice
7326,Juno
136795,The Heat
109418,Grown Ups 2
10625,Mean Girls
9870,Forgetting Sarah Marshall
116745,The Secret Life of Walter Mitty
18360,Night at the Museum: Battle of the Smithsonian
227973,The Peanuts Movie
10661,You Don't Mess with the Zohan
23398,Alvin and the Chipmunks: The Squeakquel
80271,LOL
339967,Colossal
413644,The Son of Bigfoot
11024,Scooby-Doo 2: Monsters Unleashed
21385,"Mickey, Donald, Goofy: The Three Musketeers"
432068,C'est la vie!
12153,White Chicks
10591,The Girl Next Door
35019,Nanny McPhee and the Big Bang
4523,Enchanted
1581,The Holiday
44896,Rango
431530,A Bad Moms Christmas
438970,Sharknado 5: Global Swarming
433310,When We First Met
399170,Logan Lucky
547109,The Purples of August
339404,The Layover
209189,Life of Crime
4944,Burn After Reading
82654,Warm Bodies
22705,Cheeky
502422,Thunder Road
153518,The Angry Birds Movie
301272,Andiamo a quel paese
243938,Hot Tub Time Machine 2
9472,DodgeBall: A True Underdog Story
634,Bridget Jones's Diary
11774,Lemony Snicket's A Series of Unfortunate Events
9297,Monster House
424781,Sorry to Bother You
37735,Easy A
